<?xml version="1.0" encoding="utf-8"?>
<dataset name="PETS-S3-MF1">
   <frame number="1">
      <objectlist>
         <object confidence="0.95558">
            <box h="100.809" w="50.405" xc="703.9345" yc="341.6185"/>
         </object>
      </objectlist>
   </frame>
   <frame number="2">
      <objectlist>
         <object confidence="0.89324">
            <box h="101.992" w="50.996" xc="700.241" yc="339.377"/>
         </object>
         <object confidence="0.50003">
            <box h="63.888" w="31.944" xc="447.216" yc="170.368"/>
         </object>
      </objectlist>
   </frame>
   <frame number="3">
      <objectlist>
         <object confidence="0.95996">
            <box h="98.866" w="49.433" xc="687.1435" yc="334.973"/>
         </object>
      </objectlist>
   </frame>
   <frame number="4">
      <objectlist>
         <object confidence="0.86662">
            <box h="100.066" w="50.032" xc="685.638" yc="333.878"/>
         </object>
         <object confidence="0.50011">
            <box h="62.702" w="31.351" xc="446.7735" yc="170.147"/>
         </object>
      </objectlist>
   </frame>
   <frame number="5">
      <objectlist>
         <object confidence="0.90114">
            <box h="99.283" w="49.641" xc="678.0545" yc="327.5065"/>
         </object>
         <object confidence="0.50023">
            <box h="63.888" w="31.944" xc="447.216" yc="170.368"/>
         </object>
      </objectlist>
   </frame>
   <frame number="6">
      <objectlist>
         <object confidence="0.88152">
            <box h="98.604" w="49.302" xc="670.597" yc="326.764"/>
         </object>
         <object confidence="0.50028">
            <box h="55.669" w="27.835" xc="739.8175" yc="379.1745"/>
         </object>
         <object confidence="0.50019">
            <box h="63.888" w="31.944" xc="447.216" yc="170.368"/>
         </object>
      </objectlist>
   </frame>
   <frame number="7">
      <objectlist>
         <object confidence="0.92528">
            <box h="111.925" w="55.963" xc="726.5995" yc="339.9735"/>
         </object>
         <object confidence="0.87147">
            <box h="98.505" w="49.252" xc="661.83" yc="324.2345"/>
         </object>
         <object confidence="0.50007">
            <box h="63.888" w="31.944" xc="447.216" yc="170.368"/>
         </object>
      </objectlist>
   </frame>
   <frame number="8">
      <objectlist>
         <object confidence="0.916">
            <box h="93.351" w="46.676" xc="658.341" yc="319.5495"/>
         </object>
         <object confidence="0.75378">
            <box h="111.832" w="55.916" xc="717.94" yc="340.051"/>
         </object>
         <object confidence="0.50024">
            <box h="63.331" w="31.665" xc="447.0045" yc="170.2625"/>
         </object>
      </objectlist>
   </frame>
   <frame number="9">
      <objectlist>
         <object confidence="0.95771">
            <box h="115.145" w="57.572" xc="715.558" yc="338.2005"/>
         </object>
         <object confidence="0.91676">
            <box h="97.032" w="48.516" xc="653.16" yc="318.55"/>
         </object>
         <object confidence="0.50004">
            <box h="63.888" w="31.944" xc="447.216" yc="170.368"/>
         </object>
      </objectlist>
   </frame>
   <frame number="10">
      <objectlist>
         <object confidence="0.91245">
            <box h="96.574" w="48.288" xc="648.068" yc="317.66"/>
         </object>
         <object confidence="0.76681">
            <box h="111.801" w="55.9" xc="707.625" yc="337.6655"/>
         </object>
         <object confidence="0.50002">
            <box h="63.888" w="31.944" xc="447.216" yc="170.368"/>
         </object>
      </objectlist>
   </frame>
   <frame number="11">
      <objectlist>
         <object confidence="0.87077">
            <box h="99.464" w="49.733" xc="641.8285" yc="315.171"/>
         </object>
         <object confidence="0.5726">
            <box h="120.784" w="60.392" xc="695.825" yc="331.622"/>
         </object>
         <object confidence="0.50002">
            <box h="63.888" w="31.944" xc="447.216" yc="170.368"/>
         </object>
      </objectlist>
   </frame>
   <frame number="12">
      <objectlist>
         <object confidence="0.66985">
            <box h="93.536" w="46.768" xc="639.178" yc="311.794"/>
         </object>
         <object confidence="0.54293">
            <box h="113.262" w="56.631" xc="688.4825" yc="330.128"/>
         </object>
         <object confidence="0.50004">
            <box h="63.888" w="31.944" xc="447.216" yc="170.368"/>
         </object>
      </objectlist>
   </frame>
   <frame number="13">
      <objectlist>
         <object confidence="0.80896">
            <box h="98.449" w="49.225" xc="635.5355" yc="307.4425"/>
         </object>
         <object confidence="0.718">
            <box h="119.331" w="59.665" xc="682.7715" yc="330.7445"/>
         </object>
         <object confidence="0.50008">
            <box h="71.021" w="35.51" xc="733.987" yc="381.1115"/>
         </object>
         <object confidence="0.50007">
            <box h="63.888" w="31.944" xc="447.216" yc="170.368"/>
         </object>
         <object confidence="0.50003">
            <box h="293.5634" w="146.782" xc="660.518" yc="244.6363"/>
         </object>
      </objectlist>
   </frame>
   <frame number="14">
      <objectlist>
         <object confidence="0.9097">
            <box h="90.449" w="45.225" xc="631.0845" yc="304.3495"/>
         </object>
         <object confidence="0.80543">
            <box h="113.515" w="56.758" xc="670.261" yc="324.1715"/>
         </object>
         <object confidence="0.50149">
            <box h="86.593" w="43.296" xc="651.986" yc="332.7935"/>
         </object>
         <object confidence="0.50091">
            <box h="89.226" w="44.613" xc="731.2685" yc="371.977"/>
         </object>
         <object confidence="0.50011">
            <box h="293.5635" w="146.781" xc="660.5185" yc="244.6362"/>
         </object>
         <object confidence="0.50009">
            <box h="63.888" w="31.944" xc="447.216" yc="170.368"/>
         </object>
         <object confidence="0.50003">
            <box h="56.458" w="28.229" xc="668.3405" yc="357.274"/>
         </object>
      </objectlist>
   </frame>
   <frame number="15">
      <objectlist>
         <object confidence="0.92427">
            <box h="114.475" w="57.237" xc="661.4435" yc="321.6135"/>
         </object>
         <object confidence="0.85602">
            <box h="93.367" w="46.683" xc="623.8365" yc="303.4055"/>
         </object>
         <object confidence="0.64785">
            <box h="109.178" w="54.589" xc="727.3275" yc="359.178"/>
         </object>
         <object confidence="0.50037">
            <box h="63.888" w="31.944" xc="447.216" yc="170.368"/>
         </object>
         <object confidence="0.50016">
            <box h="293.5624" w="146.781" xc="660.5185" yc="244.6378"/>
         </object>
         <object confidence="0.50007">
            <box h="182.279" w="91.14" xc="698.739" yc="334.1795"/>
         </object>
      </objectlist>
   </frame>
   <frame number="16">
      <objectlist>
         <object confidence="0.94484">
            <box h="117.832" w="58.916" xc="657.351" yc="321.503"/>
         </object>
         <object confidence="0.88468">
            <box h="112.806" w="56.404" xc="726.228" yc="358.585"/>
         </object>
         <object confidence="0.76869">
            <box h="89.227" w="44.614" xc="623.561" yc="298.2275"/>
         </object>
         <object confidence="0.50065">
            <box h="63.627" w="31.813" xc="447.1165" yc="170.3185"/>
         </object>
      </objectlist>
   </frame>
   <frame number="17">
      <objectlist>
         <object confidence="0.97291">
            <box h="91.641" w="45.821" xc="616.1105" yc="296.4755"/>
         </object>
         <object confidence="0.91289">
            <box h="118.24" w="59.12" xc="643.858" yc="318.319"/>
         </object>
         <object confidence="0.90896">
            <box h="114.539" w="57.269" xc="715.0865" yc="351.0105"/>
         </object>
         <object confidence="0.50006">
            <box h="63.888" w="31.944" xc="447.216" yc="170.368"/>
         </object>
      </objectlist>
   </frame>
   <frame number="18">
      <objectlist>
         <object confidence="0.96775">
            <box h="111.322" w="55.661" xc="708.3155" yc="350.111"/>
         </object>
         <object confidence="0.92509">
            <box h="114.643" w="57.322" xc="642.372" yc="315.8225"/>
         </object>
         <object confidence="0.61725">
            <box h="94.271" w="47.136" xc="614.106" yc="295.8415"/>
         </object>
      </objectlist>
   </frame>
   <frame number="19">
      <objectlist>
         <object confidence="0.85186">
            <box h="111.703" w="55.852" xc="705.881" yc="349.6665"/>
         </object>
         <object confidence="0.83755">
            <box h="112.267" w="56.134" xc="638.147" yc="314.2345"/>
         </object>
         <object confidence="0.80371">
            <box h="88.34" w="44.17" xc="608.944" yc="290.302"/>
         </object>
      </objectlist>
   </frame>
   <frame number="20">
      <objectlist>
         <object confidence="0.91127">
            <box h="87.692" w="43.845" xc="601.8005" yc="284.777"/>
         </object>
         <object confidence="0.90908">
            <box h="111.139" w="55.569" xc="695.9775" yc="344.0395"/>
         </object>
         <object confidence="0.76854">
            <box h="118.123" w="59.061" xc="632.1765" yc="310.8435"/>
         </object>
         <object confidence="0.50006">
            <box h="52.8" w="26.4" xc="743.6" yc="426.8"/>
         </object>
         <object confidence="0.50004">
            <box h="63.888" w="31.944" xc="447.216" yc="170.368"/>
         </object>
      </objectlist>
   </frame>
   <frame number="21">
      <objectlist>
         <object confidence="0.87021">
            <box h="112.825" w="56.412" xc="690.172" yc="340.5615"/>
         </object>
         <object confidence="0.75609">
            <box h="88.338" w="44.169" xc="600.7405" yc="285.207"/>
         </object>
         <object confidence="0.70534">
            <box h="110.249" w="55.124" xc="624.212" yc="303.1565"/>
         </object>
         <object confidence="0.5001">
            <box h="63.888" w="31.944" xc="447.216" yc="170.368"/>
         </object>
      </objectlist>
   </frame>
   <frame number="22">
      <objectlist>
         <object confidence="0.95299">
            <box h="111.569" w="55.784" xc="623.649" yc="301.4605"/>
         </object>
         <object confidence="0.94836">
            <box h="86.261" w="43.131" xc="594.7395" yc="283.4925"/>
         </object>
         <object confidence="0.94561">
            <box h="112.368" w="56.183" xc="686.7225" yc="340.305"/>
         </object>
         <object confidence="0.50006">
            <box h="48" w="24" xc="596" yc="311.055"/>
         </object>
         <object confidence="0.50004">
            <box h="58.08" w="29.04" xc="745.36" yc="428.809"/>
         </object>
         <object confidence="0.50003">
            <box h="63.888" w="31.944" xc="447.216" yc="170.368"/>
         </object>
      </objectlist>
   </frame>
   <frame number="23">
      <objectlist>
         <object confidence="0.91255">
            <box h="115.767" w="57.883" xc="622.3345" yc="301.4855"/>
         </object>
         <object confidence="0.88321">
            <box h="111.568" w="55.783" xc="679.9465" yc="339.801"/>
         </object>
         <object confidence="0.75493">
            <box h="88.901" w="44.45" xc="590.296" yc="278.7845"/>
         </object>
         <object confidence="0.5286">
            <box h="50.663" w="25.331" xc="735.8315" yc="424.8255"/>
         </object>
         <object confidence="0.50003">
            <box h="63.888" w="31.944" xc="447.216" yc="170.368"/>
         </object>
         <object confidence="0.50002">
            <box h="48" w="24" xc="724" yc="416"/>
         </object>
      </objectlist>
   </frame>
   <frame number="24">
      <objectlist>
         <object confidence="0.95645">
            <box h="87.032" w="43.516" xc="582.16" yc="276.281"/>
         </object>
         <object confidence="0.80605">
            <box h="111.074" w="55.538" xc="677.183" yc="333.735"/>
         </object>
         <object confidence="0.77704">
            <box h="111.26" w="55.63" xc="724.833" yc="380.627"/>
         </object>
         <object confidence="0.68408">
            <box h="103.072" w="51.536" xc="617.382" yc="299.8"/>
         </object>
         <object confidence="0.50399">
            <box h="54.091" w="27.045" xc="721.5705" yc="413.5085"/>
         </object>
         <object confidence="0.50009">
            <box h="63.888" w="31.944" xc="447.216" yc="170.368"/>
         </object>
      </objectlist>
   </frame>
   <frame number="25">
      <objectlist>
         <object confidence="0.8966">
            <box h="83.755" w="41.878" xc="580.212" yc="274.5985"/>
         </object>
         <object confidence="0.89157">
            <box h="106.161" w="53.081" xc="616.0205" yc="292.4545"/>
         </object>
         <object confidence="0.87285">
            <box h="109.386" w="54.693" xc="669.5695" yc="331.946"/>
         </object>
         <object confidence="0.76788">
            <box h="118.531" w="59.266" xc="716.377" yc="379.3655"/>
         </object>
         <object confidence="0.50002">
            <box h="63.888" w="31.944" xc="447.216" yc="170.368"/>
         </object>
      </objectlist>
   </frame>
   <frame number="26">
      <objectlist>
         <object confidence="0.86739">
            <box h="108.61" w="54.305" xc="614.9615" yc="291.92"/>
         </object>
         <object confidence="0.84619">
            <box h="113.226" w="56.613" xc="668.3325" yc="329.661"/>
         </object>
         <object confidence="0.77427">
            <box h="87.686" w="43.843" xc="575.1475" yc="271.765"/>
         </object>
         <object confidence="0.7397">
            <box h="120.977" w="60.488" xc="716.153" yc="379.6625"/>
         </object>
         <object confidence="0.50017">
            <box h="50.944" w="25.473" xc="712.1685" yc="414.811"/>
         </object>
         <object confidence="0.50002">
            <box h="63.888" w="31.944" xc="447.216" yc="170.368"/>
         </object>
      </objectlist>
   </frame>
   <frame number="27">
      <objectlist>
         <object confidence="0.95903">
            <box h="106.718" w="53.359" xc="659.9705" yc="324.775"/>
         </object>
         <object confidence="0.90506">
            <box h="87.199" w="43.599" xc="568.2895" yc="267.5385"/>
         </object>
         <object confidence="0.75109">
            <box h="124.477" w="62.238" xc="705.45" yc="373.5385"/>
         </object>
         <object confidence="0.64801">
            <box h="113.016" w="56.508" xc="613.106" yc="292.307"/>
         </object>
         <object confidence="0.50003">
            <box h="63.888" w="31.944" xc="713.416" yc="404.624"/>
         </object>
      </objectlist>
   </frame>
   <frame number="28">
      <objectlist>
         <object confidence="0.91237">
            <box h="84.788" w="42.394" xc="567.361" yc="264.499"/>
         </object>
         <object confidence="0.71319">
            <box h="118.096" w="59.049" xc="696.8505" yc="369.535"/>
         </object>
         <object confidence="0.66432">
            <box h="110.155" w="55.078" xc="651.967" yc="323.3545"/>
         </object>
         <object confidence="0.57503">
            <box h="113.175" w="56.588" xc="612.985" yc="283.5935"/>
         </object>
         <object confidence="0.50009">
            <box h="63.888" w="31.944" xc="447.216" yc="170.368"/>
         </object>
         <object confidence="0.50003">
            <box h="209.899" w="104.95" xc="682.866" yc="316.9895"/>
         </object>
      </objectlist>
   </frame>
   <frame number="29">
      <objectlist>
         <object confidence="0.82712">
            <box h="108.141" w="54.071" xc="651.1145" yc="319.0215"/>
         </object>
         <object confidence="0.75671">
            <box h="80.99" w="40.495" xc="560.7535" yc="262.452"/>
         </object>
         <object confidence="0.69139">
            <box h="115.981" w="57.99" xc="689.367" yc="366.6995"/>
         </object>
         <object confidence="0.65288">
            <box h="100.877" w="50.438" xc="608.609" yc="279.6655"/>
         </object>
         <object confidence="0.59624">
            <box h="48.722" w="24.361" xc="684.2755" yc="399.705"/>
         </object>
         <object confidence="0.50015">
            <box h="63.888" w="31.944" xc="447.216" yc="170.368"/>
         </object>
      </objectlist>
   </frame>
   <frame number="30">
      <objectlist>
         <object confidence="0.82513">
            <box h="96.129" w="48.064" xc="608.524" yc="275.4285"/>
         </object>
         <object confidence="0.81285">
            <box h="82.305" w="41.153" xc="560.0675" yc="259.1515"/>
         </object>
         <object confidence="0.71445">
            <box h="121.155" w="60.577" xc="685.9845" yc="362.8105"/>
         </object>
         <object confidence="0.59825">
            <box h="52.9" w="26.45" xc="682.382" yc="396.346"/>
         </object>
         <object confidence="0.54756">
            <box h="103.803" w="51.901" xc="643.1565" yc="317.4165"/>
         </object>
         <object confidence="0.50016">
            <box h="98.436" w="49.217" xc="661.9915" yc="358.457"/>
         </object>
         <object confidence="0.50003">
            <box h="63.888" w="31.944" xc="447.216" yc="170.368"/>
         </object>
      </objectlist>
   </frame>
   <frame number="31">
      <objectlist>
         <object confidence="0.92234">
            <box h="83.218" w="41.609" xc="553.9635" yc="256.299"/>
         </object>
         <object confidence="0.86285">
            <box h="109.146" w="54.573" xc="642.0985" yc="312.92"/>
         </object>
         <object confidence="0.78428">
            <box h="124.392" w="62.196" xc="684.686" yc="363.076"/>
         </object>
         <object confidence="0.61079">
            <box h="96.813" w="48.406" xc="608.304" yc="273.4645"/>
         </object>
         <object confidence="0.50034">
            <box h="62.837" w="31.418" xc="446.823" yc="170.1715"/>
         </object>
         <object confidence="0.5001">
            <box h="48" w="24" xc="680" yc="398.448"/>
         </object>
      </objectlist>
   </frame>
   <frame number="32">
      <objectlist>
         <object confidence="0.91709">
            <box h="85.081" w="42.54" xc="552.376" yc="255.3135"/>
         </object>
         <object confidence="0.8413">
            <box h="104.535" w="52.268" xc="636.163" yc="309.3975"/>
         </object>
         <object confidence="0.64163">
            <box h="124.396" w="62.198" xc="674.328" yc="352.688"/>
         </object>
         <object confidence="0.54615">
            <box h="94.472" w="47.235" xc="607.8845" yc="272.832"/>
         </object>
         <object confidence="0.50052">
            <box h="63.369" w="31.685" xc="447.0195" yc="170.2695"/>
         </object>
         <object confidence="0.50007">
            <box h="50.2" w="25.1" xc="668.19" yc="383.232"/>
         </object>
         <object confidence="0.50003">
            <box h="48" w="24" xc="604" yc="296"/>
         </object>
      </objectlist>
   </frame>
   <frame number="33">
      <objectlist>
         <object confidence="0.83998">
            <box h="103.96" w="51.98" xc="633.99" yc="309.103"/>
         </object>
         <object confidence="0.81518">
            <box h="113.923" w="56.962" xc="669.934" yc="349.2115"/>
         </object>
         <object confidence="0.80881">
            <box h="80.143" w="40.072" xc="547.002" yc="252.4545"/>
         </object>
         <object confidence="0.5286">
            <box h="100.819" w="50.41" xc="600.244" yc="265.6395"/>
         </object>
         <object confidence="0.50019">
            <box h="49.071" w="24.535" xc="640.1325" yc="339.7605"/>
         </object>
         <object confidence="0.50018">
            <box h="48" w="24" xc="668" yc="384"/>
         </object>
      </objectlist>
   </frame>
   <frame number="34">
      <objectlist>
         <object confidence="0.97465">
            <box h="79.433" w="39.717" xc="542.5495" yc="246.9635"/>
         </object>
         <object confidence="0.80761">
            <box h="104.872" w="52.436" xc="631.671" yc="301.876"/>
         </object>
         <object confidence="0.57658">
            <box h="98.707" w="49.353" xc="600.2115" yc="265.4205"/>
         </object>
         <object confidence="0.5017">
            <box h="114.516" w="57.258" xc="668.984" yc="349.009"/>
         </object>
         <object confidence="0.50034">
            <box h="48.892" w="24.446" xc="628.333" yc="327.705"/>
         </object>
         <object confidence="0.50011">
            <box h="63.888" w="31.944" xc="447.216" yc="170.368"/>
         </object>
         <object confidence="0.50003">
            <box h="52.8" w="26.4" xc="748" yc="391.6"/>
         </object>
      </objectlist>
   </frame>
   <frame number="35">
      <objectlist>
         <object confidence="0.97895">
            <box h="78.994" w="39.498" xc="539.821" yc="245.985"/>
         </object>
         <object confidence="0.89595">
            <box h="101.652" w="50.825" xc="627.0535" yc="299.772"/>
         </object>
         <object confidence="0.55768">
            <box h="102.47" w="51.236" xc="600.213" yc="265.528"/>
         </object>
         <object confidence="0.50973">
            <box h="123.31" w="61.655" xc="663.5675" yc="343.151"/>
         </object>
         <object confidence="0.50008">
            <box h="63.888" w="31.944" xc="447.216" yc="170.368"/>
         </object>
      </objectlist>
   </frame>
   <frame number="36">
      <objectlist>
         <object confidence="0.93534">
            <box h="80.447" w="40.224" xc="537.52" yc="245.9295"/>
         </object>
         <object confidence="0.78962">
            <box h="102.91" w="51.455" xc="625.9195" yc="300.104"/>
         </object>
         <object confidence="0.55049">
            <box h="101.291" w="50.646" xc="600.2" yc="259.6995"/>
         </object>
         <object confidence="0.51039">
            <box h="123.873" w="61.936" xc="663.759" yc="342.1945"/>
         </object>
         <object confidence="0.5001">
            <box h="48.773" w="24.387" xc="660.0055" yc="375.7205"/>
         </object>
         <object confidence="0.50009">
            <box h="63.888" w="31.944" xc="447.216" yc="170.368"/>
         </object>
         <object confidence="0.50005">
            <box h="52.8" w="26.4" xc="598.4" yc="286"/>
         </object>
      </objectlist>
   </frame>
   <frame number="37">
      <objectlist>
         <object confidence="0.92387">
            <box h="76.883" w="38.441" xc="528.5875" yc="240.5725"/>
         </object>
         <object confidence="0.72973">
            <box h="93.187" w="46.593" xc="593.1055" yc="252.9325"/>
         </object>
         <object confidence="0.65428">
            <box h="112.027" w="56.014" xc="622.883" yc="292.3655"/>
         </object>
         <object confidence="0.51408">
            <box h="112.702" w="56.35" xc="660.26" yc="330.429"/>
         </object>
         <object confidence="0.50008">
            <box h="48" w="24" xc="592" yc="276"/>
         </object>
      </objectlist>
   </frame>
   <frame number="38">
      <objectlist>
         <object confidence="0.93975">
            <box h="75.389" w="37.695" xc="526.4665" yc="239.8135"/>
         </object>
         <object confidence="0.91208">
            <box h="95.377" w="47.688" xc="592.302" yc="250.8395"/>
         </object>
         <object confidence="0.73874">
            <box h="101.948" w="50.974" xc="623.466" yc="290.585"/>
         </object>
         <object confidence="0.71858">
            <box h="113.104" w="56.552" xc="660.244" yc="330.146"/>
         </object>
         <object confidence="0.50027">
            <box h="48" w="24" xc="596" yc="280"/>
         </object>
         <object confidence="0.5001">
            <box h="48" w="24" xc="660" yc="364"/>
         </object>
         <object confidence="0.50008">
            <box h="48" w="24" xc="620" yc="320"/>
         </object>
      </objectlist>
   </frame>
   <frame number="39">
      <objectlist>
         <object confidence="0.93097">
            <box h="74.404" w="37.202" xc="521.73" yc="238.951"/>
         </object>
         <object confidence="0.90237">
            <box h="94.93" w="47.465" xc="622.5995" yc="288.733"/>
         </object>
         <object confidence="0.60988">
            <box h="88.948" w="44.474" xc="589.497" yc="248.684"/>
         </object>
         <object confidence="0.5291">
            <box h="113.181" w="56.591" xc="660.2255" yc="330.1125"/>
         </object>
         <object confidence="0.50014">
            <box h="113.181" w="56.59" xc="726.248" yc="348.9765"/>
         </object>
         <object confidence="0.50005">
            <box h="49.184" w="24.592" xc="660" yc="363.293"/>
         </object>
         <object confidence="0.50005">
            <box h="63.888" w="31.944" xc="447.216" yc="170.368"/>
         </object>
      </objectlist>
   </frame>
   <frame number="40">
      <objectlist>
         <object confidence="0.86022">
            <box h="96.683" w="48.342" xc="616.483" yc="283.3105"/>
         </object>
         <object confidence="0.77779">
            <box h="97.855" w="48.927" xc="583.8895" yc="249.0585"/>
         </object>
         <object confidence="0.53944">
            <box h="69.183" w="34.592" xc="515.601" yc="234.3745"/>
         </object>
         <object confidence="0.50005">
            <box h="63.888" w="31.944" xc="447.216" yc="170.368"/>
         </object>
         <object confidence="0.50003">
            <box h="85.035" w="42.517" xc="736.9695" yc="439.3475"/>
         </object>
         <object confidence="0.50003">
            <box h="124.5" w="62.25" xc="653.623" yc="321.624"/>
         </object>
      </objectlist>
   </frame>
   <frame number="41">
      <objectlist>
         <object confidence="0.91326">
            <box h="95.846" w="47.924" xc="616.223" yc="281.648"/>
         </object>
         <object confidence="0.78699">
            <box h="86.389" w="43.194" xc="581.007" yc="244.0615"/>
         </object>
         <object confidence="0.55123">
            <box h="109.872" w="54.936" xc="651.101" yc="319.47"/>
         </object>
         <object confidence="0.52325">
            <box h="68.987" w="34.494" xc="510.091" yc="233.2665"/>
         </object>
         <object confidence="0.50009">
            <box h="63.888" w="31.944" xc="447.216" yc="170.368"/>
         </object>
      </objectlist>
   </frame>
   <frame number="42">
      <objectlist>
         <object confidence="0.94595">
            <box h="93.695" w="46.848" xc="576.956" yc="244.2525"/>
         </object>
         <object confidence="0.87772">
            <box h="94.027" w="47.014" xc="615.558" yc="280.8005"/>
         </object>
         <object confidence="0.79158">
            <box h="104.826" w="52.413" xc="651.5155" yc="317.414"/>
         </object>
         <object confidence="0.57823">
            <box h="73.952" w="36.976" xc="503.864" yc="233.147"/>
         </object>
         <object confidence="0.5003">
            <box h="106.652" w="53.326" xc="727.762" yc="427.29"/>
         </object>
         <object confidence="0.50027">
            <box h="63.888" w="31.944" xc="447.216" yc="170.368"/>
         </object>
      </objectlist>
   </frame>
   <frame number="43">
      <objectlist>
         <object confidence="0.9293">
            <box h="95.828" w="47.914" xc="608.509" yc="274.791"/>
         </object>
         <object confidence="0.80267">
            <box h="87.976" w="43.988" xc="571.972" yc="241.148"/>
         </object>
         <object confidence="0.63822">
            <box h="73.752" w="36.875" xc="495.9835" yc="233.043"/>
         </object>
         <object confidence="0.50033">
            <box h="112.666" w="56.333" xc="650.8425" yc="311.594"/>
         </object>
         <object confidence="0.50004">
            <box h="102.892" w="51.446" xc="720.246" yc="428.718"/>
         </object>
         <object confidence="0.50004">
            <box h="63.888" w="31.944" xc="447.216" yc="170.368"/>
         </object>
         <object confidence="0.50003">
            <box h="52.8" w="26.4" xc="580.8" yc="268.4"/>
         </object>
      </objectlist>
   </frame>
   <frame number="44">
      <objectlist>
         <object confidence="0.91499">
            <box h="95.543" w="47.771" xc="608.3545" yc="274.2105"/>
         </object>
         <object confidence="0.85432">
            <box h="89.34" w="44.67" xc="568.02" yc="240.979"/>
         </object>
         <object confidence="0.70745">
            <box h="75.23" w="37.615" xc="489.3125" yc="232.066"/>
         </object>
         <object confidence="0.56801">
            <box h="124.173" w="62.087" xc="715.9015" yc="415.0265"/>
         </object>
         <object confidence="0.50174">
            <box h="112.854" w="56.427" xc="650.7095" yc="311.433"/>
         </object>
         <object confidence="0.50004">
            <box h="59.212" w="29.606" xc="739.514" yc="406.093"/>
         </object>
      </objectlist>
   </frame>
   <frame number="45">
      <objectlist>
         <object confidence="0.8555">
            <box h="95.566" w="47.783" xc="601.9495" yc="272.493"/>
         </object>
         <object confidence="0.71532">
            <box h="74.586" w="37.293" xc="484.3555" yc="232.897"/>
         </object>
         <object confidence="0.65743">
            <box h="85.194" w="42.596" xc="566.931" yc="238.266"/>
         </object>
         <object confidence="0.51147">
            <box h="120.003" w="60.001" xc="716.1445" yc="415.0815"/>
         </object>
         <object confidence="0.50332">
            <box h="111.338" w="55.669" xc="650.1525" yc="310.541"/>
         </object>
         <object confidence="0.50009">
            <box h="58.08" w="29.04" xc="740.52" yc="406.56"/>
         </object>
      </objectlist>
   </frame>
   <frame number="46">
      <objectlist>
         <object confidence="0.96044">
            <box h="96.356" w="48.178" xc="600.151" yc="265.754"/>
         </object>
         <object confidence="0.93253">
            <box h="103.14" w="51.571" xc="643.0535" yc="300.22"/>
         </object>
         <object confidence="0.80925">
            <box h="88.315" w="44.157" xc="560.2215" yc="234.6825"/>
         </object>
         <object confidence="0.72919">
            <box h="74.819" w="37.409" xc="471.0015" yc="234.1095"/>
         </object>
         <object confidence="0.50841">
            <box h="74.429" w="37.215" xc="714.8325" yc="420.1435"/>
         </object>
         <object confidence="0.50029">
            <box h="148.546" w="74.273" xc="464.2455" yc="202.359"/>
         </object>
         <object confidence="0.50005">
            <box h="54.451" w="27.225" xc="735.7665" yc="406.0375"/>
         </object>
         <object confidence="0.50003">
            <box h="113.212" w="56.606" xc="726.23" yc="377.293"/>
         </object>
      </objectlist>
   </frame>
   <frame number="47">
      <objectlist>
         <object confidence="0.94386">
            <box h="94.62" w="47.31" xc="595.047" yc="265.036"/>
         </object>
         <object confidence="0.79903">
            <box h="103.789" w="51.894" xc="642.949" yc="300.2265"/>
         </object>
         <object confidence="0.75868">
            <box h="76.896" w="38.448" xc="462.769" yc="235.77"/>
         </object>
         <object confidence="0.70414">
            <box h="88.703" w="44.351" xc="553.0985" yc="233.8125"/>
         </object>
         <object confidence="0.50111">
            <box h="122.431" w="61.215" xc="707.0325" yc="407.4305"/>
         </object>
         <object confidence="0.50005">
            <box h="48" w="24" xc="644.431" yc="329.083"/>
         </object>
      </objectlist>
   </frame>
   <frame number="48">
      <objectlist>
         <object confidence="0.83968">
            <box h="86.801" w="43.4" xc="545.064" yc="233.5545"/>
         </object>
         <object confidence="0.78649">
            <box h="93.325" w="46.662" xc="591.368" yc="263.5015"/>
         </object>
         <object confidence="0.7327">
            <box h="78.152" w="39.076" xc="451.677" yc="234.017"/>
         </object>
         <object confidence="0.50466">
            <box h="94.043" w="47.021" xc="639.0225" yc="295.9915"/>
         </object>
         <object confidence="0.50011">
            <box h="150.967" w="75.484" xc="705.333" yc="385.1745"/>
         </object>
      </objectlist>
   </frame>
   <frame number="49">
      <objectlist>
         <object confidence="0.90993">
            <box h="88.028" w="44.013" xc="538.6105" yc="231.358"/>
         </object>
         <object confidence="0.79009">
            <box h="102.849" w="51.425" xc="634.5165" yc="291.5395"/>
         </object>
         <object confidence="0.74826">
            <box h="91.64" w="45.82" xc="585.514" yc="258.447"/>
         </object>
         <object confidence="0.50144">
            <box h="138.077" w="69.038" xc="445.61" yc="205.1275"/>
         </object>
      </objectlist>
   </frame>
   <frame number="50">
      <objectlist>
         <object confidence="0.97307">
            <box h="94.046" w="47.023" xc="583.5875" yc="257.066"/>
         </object>
         <object confidence="0.85168">
            <box h="84.874" w="42.437" xc="532.4895" yc="230.146"/>
         </object>
         <object confidence="0.79072">
            <box h="100.283" w="50.141" xc="633.0675" yc="290.2075"/>
         </object>
         <object confidence="0.53168">
            <box h="123.068" w="61.534" xc="715.879" yc="394.611"/>
         </object>
         <object confidence="0.50004">
            <box h="63.888" w="31.944" xc="447.216" yc="170.368"/>
         </object>
      </objectlist>
   </frame>
   <frame number="51">
      <objectlist>
         <object confidence="0.94526">
            <box h="91.698" w="45.849" xc="577.6395" yc="255.607"/>
         </object>
         <object confidence="0.83199">
            <box h="85.05" w="42.525" xc="520.5075" yc="227.687"/>
         </object>
         <object confidence="0.51233">
            <box h="93.537" w="46.768" xc="631.284" yc="288.3955"/>
         </object>
         <object confidence="0.50163">
            <box h="102.788" w="51.394" xc="677.384" yc="317.181"/>
         </object>
         <object confidence="0.50035">
            <box h="122.615" w="61.307" xc="716.0495" yc="394.6025"/>
         </object>
         <object confidence="0.50003">
            <box h="63.888" w="31.944" xc="447.216" yc="170.368"/>
         </object>
      </objectlist>
   </frame>
   <frame number="52">
      <objectlist>
         <object confidence="0.90031">
            <box h="88.07" w="44.035" xc="574.7215" yc="253.135"/>
         </object>
         <object confidence="0.62937">
            <box h="91.61" w="45.805" xc="515.1665" yc="226.234"/>
         </object>
         <object confidence="0.58713">
            <box h="102.442" w="51.221" xc="625.8015" yc="282.876"/>
         </object>
         <object confidence="0.50037">
            <box h="53.524" w="26.762" xc="699.688" yc="400.291"/>
         </object>
         <object confidence="0.50027">
            <box h="102.892" w="51.446" xc="677.374" yc="317.251"/>
         </object>
         <object confidence="0.5001">
            <box h="134.752" w="67.376" xc="696.782" yc="365.688"/>
         </object>
         <object confidence="0.50008">
            <box h="63.888" w="31.944" xc="447.216" yc="170.368"/>
         </object>
         <object confidence="0.50003">
            <box h="48" w="24" xc="712" yc="428"/>
         </object>
         <object confidence="0.50003">
            <box h="94.787" w="47.394" xc="715.202" yc="405.0545"/>
         </object>
      </objectlist>
   </frame>
   <frame number="53">
      <objectlist>
         <object confidence="0.82328">
            <box h="89.907" w="44.954" xc="570.681" yc="250.0925"/>
         </object>
         <object confidence="0.8043">
            <box h="88.538" w="44.269" xc="509.3415" yc="226.435"/>
         </object>
         <object confidence="0.70882">
            <box h="97.171" w="48.585" xc="624.3925" yc="281.4385"/>
         </object>
         <object confidence="0.50084">
            <box h="77.133" w="38.567" xc="405.7945" yc="238.4065"/>
         </object>
         <object confidence="0.50051">
            <box h="93.9" w="46.95" xc="670.306" yc="311.69"/>
         </object>
         <object confidence="0.50027">
            <box h="115.514" w="57.757" xc="697.6235" yc="358.086"/>
         </object>
         <object confidence="0.50011">
            <box h="85.098" w="42.549" xc="715.6885" yc="411.135"/>
         </object>
         <object confidence="0.50007">
            <box h="49.634" w="24.818" xc="415.258" yc="266.763"/>
         </object>
         <object confidence="0.50006">
            <box h="50.447" w="25.224" xc="687.86" yc="387.8445"/>
         </object>
         <object confidence="0.50006">
            <box h="63.888" w="31.944" xc="447.216" yc="170.368"/>
         </object>
         <object confidence="0.50004">
            <box h="124.4" w="62.2" xc="414.959" yc="217.963"/>
         </object>
      </objectlist>
   </frame>
   <frame number="54">
      <objectlist>
         <object confidence="0.97681">
            <box h="92.262" w="46.131" xc="567.4995" yc="248.757"/>
         </object>
         <object confidence="0.81817">
            <box h="91.143" w="45.571" xc="504.9535" yc="226.1515"/>
         </object>
         <object confidence="0.74053">
            <box h="93.614" w="46.807" xc="623.5915" yc="277.198"/>
         </object>
         <object confidence="0.59102">
            <box h="77.071" w="38.536" xc="406.06" yc="238.5525"/>
         </object>
         <object confidence="0.52115">
            <box h="117.928" w="58.964" xc="691.431" yc="351.522"/>
         </object>
         <object confidence="0.50182">
            <box h="81.554" w="40.778" xc="715.228" yc="412.646"/>
         </object>
         <object confidence="0.50027">
            <box h="104.212" w="52.106" xc="668.895" yc="308.878"/>
         </object>
         <object confidence="0.50015">
            <box h="70.277" w="35.138" xc="409.948" yc="275.2505"/>
         </object>
         <object confidence="0.50003">
            <box h="242.6141" w="121.307" xc="404.3575" yc="161.7439"/>
         </object>
         <object confidence="0.50003">
            <box h="63.888" w="31.944" xc="447.216" yc="170.368"/>
         </object>
      </objectlist>
   </frame>
   <frame number="55">
      <objectlist>
         <object confidence="0.96007">
            <box h="87.561" w="43.781" xc="560.4735" yc="245.9815"/>
         </object>
         <object confidence="0.88658">
            <box h="76.772" w="38.385" xc="394.9015" yc="239.323"/>
         </object>
         <object confidence="0.79836">
            <box h="96.939" w="48.47" xc="616.43" yc="273.4905"/>
         </object>
         <object confidence="0.77085">
            <box h="91.037" w="45.518" xc="491.294" yc="226.2395"/>
         </object>
         <object confidence="0.61287">
            <box h="111.982" w="55.991" xc="686.6005" yc="350.848"/>
         </object>
         <object confidence="0.53964">
            <box h="124.164" w="62.082" xc="715.905" yc="383.84"/>
         </object>
         <object confidence="0.5072">
            <box h="95.197" w="47.599" xc="662.1955" yc="304.7505"/>
         </object>
         <object confidence="0.50251">
            <box h="48.736" w="24.368" xc="688.161" yc="384.986"/>
         </object>
         <object confidence="0.50012">
            <box h="52.343" w="26.172" xc="717.503" yc="422.1405"/>
         </object>
         <object confidence="0.50005">
            <box h="63.888" w="31.944" xc="447.216" yc="170.368"/>
         </object>
         <object confidence="0.50002">
            <box h="48" w="24" xc="616" yc="304"/>
         </object>
      </objectlist>
   </frame>
   <frame number="56">
      <objectlist>
         <object confidence="0.93387">
            <box h="115.952" w="57.976" xc="716.764" yc="377.69"/>
         </object>
         <object confidence="0.71339">
            <box h="86.518" w="43.259" xc="559.3915" yc="246.272"/>
         </object>
         <object confidence="0.62328">
            <box h="116.833" w="58.416" xc="681.055" yc="350.2275"/>
         </object>
         <object confidence="0.60076">
            <box h="93.425" w="46.712" xc="615.807" yc="272.8835"/>
         </object>
         <object confidence="0.56126">
            <box h="81.274" w="40.637" xc="390.6595" yc="240.434"/>
         </object>
         <object confidence="0.51949">
            <box h="89.151" w="44.576" xc="483.64" yc="226.1235"/>
         </object>
         <object confidence="0.50175">
            <box h="51.615" w="25.808" xc="684.56" yc="384.6615"/>
         </object>
      </objectlist>
   </frame>
   <frame number="57">
      <objectlist>
         <object confidence="0.89889">
            <box h="87.028" w="43.514" xc="475.305" yc="223.013"/>
         </object>
         <object confidence="0.87368">
            <box h="84.495" w="42.247" xc="546.1605" yc="241.1675"/>
         </object>
         <object confidence="0.82725">
            <box h="109.408" w="54.704" xc="676.207" yc="343.833"/>
         </object>
         <object confidence="0.76756">
            <box h="91.302" w="45.652" xc="608.393" yc="266.306"/>
         </object>
         <object confidence="0.72036">
            <box h="77.953" w="38.976" xc="379.119" yc="243.7915"/>
         </object>
         <object confidence="0.54761">
            <box h="112.851" w="56.426" xc="717.019" yc="376.7185"/>
         </object>
         <object confidence="0.50482">
            <box h="51.202" w="25.602" xc="679.707" yc="375.006"/>
         </object>
         <object confidence="0.50037">
            <box h="63.516" w="31.758" xc="447.074" yc="170.297"/>
         </object>
         <object confidence="0.50006">
            <box h="55.384" w="27.692" xc="730.521" yc="391.677"/>
         </object>
      </objectlist>
   </frame>
   <frame number="58">
      <objectlist>
         <object confidence="0.92278">
            <box h="92.835" w="46.418" xc="600.953" yc="265.9905"/>
         </object>
         <object confidence="0.89923">
            <box h="85.166" w="42.582" xc="469.168" yc="223.194"/>
         </object>
         <object confidence="0.87075">
            <box h="85.27" w="42.635" xc="545.2605" yc="240.789"/>
         </object>
         <object confidence="0.85742">
            <box h="113.184" w="56.591" xc="670.0355" yc="340.421"/>
         </object>
         <object confidence="0.57305">
            <box h="81.697" w="40.848" xc="367.99" yc="242.7075"/>
         </object>
         <object confidence="0.50368">
            <box h="100.375" w="50.188" xc="652.659" yc="298.9135"/>
         </object>
         <object confidence="0.50035">
            <box h="75.638" w="37.819" xc="714.9245" yc="393.791"/>
         </object>
      </objectlist>
   </frame>
   <frame number="59">
      <objectlist>
         <object confidence="0.90044">
            <box h="79.889" w="39.945" xc="535.4715" yc="238.4315"/>
         </object>
         <object confidence="0.81926">
            <box h="93.742" w="46.871" xc="599.8705" yc="265.049"/>
         </object>
         <object confidence="0.7687">
            <box h="75.951" w="37.976" xc="361.754" yc="244.6995"/>
         </object>
         <object confidence="0.7282">
            <box h="82.88" w="41.44" xc="456.885" yc="219.716"/>
         </object>
         <object confidence="0.69132">
            <box h="113.239" w="56.619" xc="669.5985" yc="339.5425"/>
         </object>
         <object confidence="0.50321">
            <box h="77.515" w="38.757" xc="736.5395" yc="379.2145"/>
         </object>
         <object confidence="0.5021">
            <box h="60.309" w="30.155" xc="667.7065" yc="366.9965"/>
         </object>
         <object confidence="0.50007">
            <box h="93.916" w="46.958" xc="647.01" yc="296.253"/>
         </object>
      </objectlist>
   </frame>
   <frame number="60">
      <objectlist>
         <object confidence="0.91174">
            <box h="75.03" w="37.515" xc="355.5395" yc="244.871"/>
         </object>
         <object confidence="0.84611">
            <box h="79.948" w="39.973" xc="531.5275" yc="235.97"/>
         </object>
         <object confidence="0.56208">
            <box h="86.592" w="43.296" xc="452.803" yc="219.885"/>
         </object>
         <object confidence="0.5549">
            <box h="91.658" w="45.829" xc="593.1575" yc="263.511"/>
         </object>
         <object confidence="0.50552">
            <box h="92.927" w="46.464" xc="732.915" yc="370.3045"/>
         </object>
         <object confidence="0.50023">
            <box h="87.827" w="43.913" xc="645.1575" yc="291.6265"/>
         </object>
         <object confidence="0.5001">
            <box h="119.194" w="59.598" xc="662.224" yc="335.821"/>
         </object>
      </objectlist>
   </frame>
   <frame number="61">
      <objectlist>
         <object confidence="0.9194">
            <box h="76.178" w="38.089" xc="348.4245" yc="245.044"/>
         </object>
         <object confidence="0.78945">
            <box h="81.282" w="40.641" xc="524.1865" yc="233.92"/>
         </object>
         <object confidence="0.69092">
            <box h="94.231" w="47.115" xc="592.2535" yc="257.2135"/>
         </object>
         <object confidence="0.55605">
            <box h="112.624" w="56.312" xc="660.33" yc="330.632"/>
         </object>
         <object confidence="0.5018">
            <box h="92.887" w="46.444" xc="445.114" yc="218.3735"/>
         </object>
         <object confidence="0.50012">
            <box h="88.906" w="44.454" xc="735.183" yc="368.351"/>
         </object>
         <object confidence="0.50005">
            <box h="93.538" w="46.769" xc="639.1795" yc="288.41"/>
         </object>
      </objectlist>
   </frame>
   <frame number="62">
      <objectlist>
         <object confidence="0.83233">
            <box h="108.303" w="54.152" xc="658.671" yc="324.5665"/>
         </object>
         <object confidence="0.78195">
            <box h="91.082" w="45.541" xc="584.2315" yc="254.168"/>
         </object>
         <object confidence="0.68973">
            <box h="73.357" w="36.679" xc="339.0805" yc="245.3185"/>
         </object>
         <object confidence="0.63759">
            <box h="77.539" w="38.77" xc="515.378" yc="231.9785"/>
         </object>
         <object confidence="0.50027">
            <box h="64.387" w="32.193" xc="447.0705" yc="170.3315"/>
         </object>
         <object confidence="0.50009">
            <box h="312.0143" w="156.008" xc="651.789" yc="227.1829"/>
         </object>
         <object confidence="0.50005">
            <box h="48" w="24" xc="744" yc="392"/>
         </object>
      </objectlist>
   </frame>
   <frame number="63">
      <objectlist>
         <object confidence="0.82292">
            <box h="75.807" w="37.903" xc="333.7645" yc="243.8535"/>
         </object>
         <object confidence="0.71178">
            <box h="87.519" w="43.76" xc="581.111" yc="253.3505"/>
         </object>
         <object confidence="0.68405">
            <box h="81.458" w="40.729" xc="509.5615" yc="232.934"/>
         </object>
         <object confidence="0.52226">
            <box h="109.327" w="54.664" xc="651.442" yc="323.1605"/>
         </object>
         <object confidence="0.50052">
            <box h="94.799" w="47.4" xc="638.36" yc="287.9365"/>
         </object>
         <object confidence="0.50004">
            <box h="314.0137" w="157.007" xc="650.7495" yc="225.0982"/>
         </object>
         <object confidence="0.50003">
            <box h="63.888" w="31.944" xc="447.216" yc="170.368"/>
         </object>
      </objectlist>
   </frame>
   <frame number="64">
      <objectlist>
         <object confidence="0.81533">
            <box h="75.689" w="37.844" xc="322.011" yc="244.9835"/>
         </object>
         <object confidence="0.66458">
            <box h="85.44" w="42.72" xc="574.146" yc="248.232"/>
         </object>
         <object confidence="0.59634">
            <box h="80.279" w="40.139" xc="496.0355" yc="232.5925"/>
         </object>
         <object confidence="0.5716">
            <box h="108.998" w="54.499" xc="651.0295" yc="319.187"/>
         </object>
         <object confidence="0.50034">
            <box h="92.827" w="46.414" xc="420.662" yc="218.3635"/>
         </object>
         <object confidence="0.50032">
            <box h="93.539" w="46.769" xc="631.3845" yc="280.6155"/>
         </object>
         <object confidence="0.50003">
            <box h="48" w="24" xc="324" yc="272"/>
         </object>
      </objectlist>
   </frame>
   <frame number="65">
      <objectlist>
         <object confidence="0.78212">
            <box h="77.051" w="38.525" xc="315.9095" yc="244.3765"/>
         </object>
         <object confidence="0.62226">
            <box h="87.588" w="43.794" xc="567.515" yc="248.408"/>
         </object>
         <object confidence="0.57007">
            <box h="105.199" w="52.599" xc="645.4555" yc="315.4335"/>
         </object>
         <object confidence="0.52894">
            <box h="77.383" w="38.692" xc="489.581" yc="231.9185"/>
         </object>
         <object confidence="0.50392">
            <box h="91.062" w="45.531" xc="412.3295" yc="218.245"/>
         </object>
         <object confidence="0.50093">
            <box h="93.642" w="46.82" xc="623.658" yc="280.637"/>
         </object>
         <object confidence="0.50018">
            <box h="49.787" w="24.894" xc="748" yc="371.6965"/>
         </object>
         <object confidence="0.50006">
            <box h="63.888" w="31.944" xc="447.216" yc="170.368"/>
         </object>
      </objectlist>
   </frame>
   <frame number="66">
      <objectlist>
         <object confidence="0.9317">
            <box h="84.037" w="42.018" xc="566.863" yc="247.1275"/>
         </object>
         <object confidence="0.91255">
            <box h="78.42" w="39.21" xc="310.306" yc="241.857"/>
         </object>
         <object confidence="0.80919">
            <box h="79.241" w="39.621" xc="482.8845" yc="232.2535"/>
         </object>
         <object confidence="0.66777">
            <box h="88.222" w="44.111" xc="406.4575" yc="218.62"/>
         </object>
         <object confidence="0.6006">
            <box h="104.273" w="52.137" xc="643.1355" yc="309.1495"/>
         </object>
         <object confidence="0.50246">
            <box h="92.403" w="46.201" xc="623.5905" yc="279.4435"/>
         </object>
         <object confidence="0.50007">
            <box h="322.92" w="161.46" xc="645.84" yc="215.28"/>
         </object>
         <object confidence="0.50005">
            <box h="48" w="24" xc="748" yc="372"/>
         </object>
         <object confidence="0.50002">
            <box h="63.888" w="31.944" xc="447.216" yc="170.368"/>
         </object>
      </objectlist>
   </frame>
   <frame number="67">
      <objectlist>
         <object confidence="0.96257">
            <box h="78.196" w="39.098" xc="303.265" yc="240.055"/>
         </object>
         <object confidence="0.73912">
            <box h="85.555" w="42.778" xc="559.363" yc="244.9005"/>
         </object>
         <object confidence="0.68724">
            <box h="82.493" w="41.247" xc="469.8035" yc="231.4465"/>
         </object>
         <object confidence="0.64348">
            <box h="85.808" w="42.904" xc="400.109" yc="216.745"/>
         </object>
         <object confidence="0.57126">
            <box h="93.123" w="46.562" xc="615.84" yc="273.0135"/>
         </object>
         <object confidence="0.5035">
            <box h="105.806" w="52.903" xc="643.5245" yc="308.966"/>
         </object>
         <object confidence="0.50006">
            <box h="52.8" w="26.4" xc="642.4" yc="338.8"/>
         </object>
         <object confidence="0.50006">
            <box h="293.9312" w="146.966" xc="645.317" yc="219.4634"/>
         </object>
      </objectlist>
   </frame>
   <frame number="68">
      <objectlist>
         <object confidence="0.93554">
            <box h="77.485" w="38.742" xc="297.551" yc="238.9585"/>
         </object>
         <object confidence="0.76768">
            <box h="87.509" w="43.754" xc="553.114" yc="242.2165"/>
         </object>
         <object confidence="0.75449">
            <box h="83.5" w="41.75" xc="462.921" yc="232.671"/>
         </object>
         <object confidence="0.60397">
            <box h="83.686" w="41.843" xc="391.2505" yc="216.102"/>
         </object>
         <object confidence="0.50942">
            <box h="93.553" w="46.777" xc="646.9655" yc="304.0135"/>
         </object>
         <object confidence="0.50069">
            <box h="93.223" w="46.612" xc="615.825" yc="272.9715"/>
         </object>
         <object confidence="0.50025">
            <box h="280.7235" w="140.362" xc="645.127" yc="220.9883"/>
         </object>
      </objectlist>
   </frame>
   <frame number="69">
      <objectlist>
         <object confidence="0.90561">
            <box h="85.592" w="42.796" xc="382.462" yc="214.402"/>
         </object>
         <object confidence="0.86193">
            <box h="78.845" w="39.422" xc="289.907" yc="237.4935"/>
         </object>
         <object confidence="0.837">
            <box h="79.307" w="39.653" xc="451.6025" yc="231.2075"/>
         </object>
         <object confidence="0.60529">
            <box h="86.551" w="43.276" xc="545.645" yc="241.0515"/>
         </object>
         <object confidence="0.60166">
            <box h="99.331" w="49.666" xc="648.791" yc="299.0375"/>
         </object>
         <object confidence="0.51942">
            <box h="89.159" w="44.579" xc="608.7405" yc="267.5575"/>
         </object>
         <object confidence="0.50004">
            <box h="53.826" w="26.912" xc="730.828" yc="331.028"/>
         </object>
      </objectlist>
   </frame>
   <frame number="70">
      <objectlist>
         <object confidence="0.97044">
            <box h="76.963" w="38.482" xc="284.695" yc="236.8755"/>
         </object>
         <object confidence="0.88208">
            <box h="81.792" w="40.896" xc="379.09" yc="214.184"/>
         </object>
         <object confidence="0.76988">
            <box h="95.869" w="47.935" xc="647.7255" yc="297.2855"/>
         </object>
         <object confidence="0.61027">
            <box h="85.163" w="42.581" xc="736.7275" yc="318.9685"/>
         </object>
         <object confidence="0.51986">
            <box h="85.854" w="42.927" xc="602.1575" yc="268.86"/>
         </object>
         <object confidence="0.50996">
            <box h="79.63" w="39.815" xc="540.4425" yc="237.65"/>
         </object>
         <object confidence="0.50489">
            <box h="81.784" w="40.892" xc="448.594" yc="231.661"/>
         </object>
      </objectlist>
   </frame>
   <frame number="71">
      <objectlist>
         <object confidence="0.87883">
            <box h="75.355" w="37.678" xc="282.41" yc="235.8475"/>
         </object>
         <object confidence="0.86793">
            <box h="97.819" w="48.91" xc="730.523" yc="310.8835"/>
         </object>
         <object confidence="0.81083">
            <box h="83.628" w="41.814" xc="373.997" yc="213.241"/>
         </object>
         <object confidence="0.64892">
            <box h="95.932" w="47.966" xc="646.741" yc="297.094"/>
         </object>
         <object confidence="0.56892">
            <box h="91.243" w="45.622" xc="600.835" yc="265.1445"/>
         </object>
         <object confidence="0.55756">
            <box h="81.888" w="40.944" xc="536.986" yc="235.958"/>
         </object>
         <object confidence="0.51148">
            <box h="85.332" w="42.666" xc="439.264" yc="233.085"/>
         </object>
         <object confidence="0.50081">
            <box h="136.267" w="68.133" xc="445.3805" yc="206.4065"/>
         </object>
      </objectlist>
   </frame>
   <frame number="72">
      <objectlist>
         <object confidence="0.893">
            <box h="84.358" w="42.179" xc="367.4345" yc="212.565"/>
         </object>
         <object confidence="0.71814">
            <box h="74.774" w="37.387" xc="276.5265" yc="234.884"/>
         </object>
         <object confidence="0.63175">
            <box h="104.047" w="52.023" xc="728.2855" yc="309.2585"/>
         </object>
         <object confidence="0.59096">
            <box h="93.601" w="46.801" xc="600.2065" yc="265.0295"/>
         </object>
         <object confidence="0.54873">
            <box h="84.129" w="42.065" xc="531.9065" yc="234.4875"/>
         </object>
         <object confidence="0.50105">
            <box h="97.161" w="48.58" xc="645.638" yc="295.6755"/>
         </object>
         <object confidence="0.50012">
            <box h="48.871" w="24.435" xc="532.0645" yc="265.0585"/>
         </object>
         <object confidence="0.50005">
            <box h="141.323" w="70.662" xc="443.436" yc="204.1045"/>
         </object>
      </objectlist>
   </frame>
   <frame number="73">
      <objectlist>
         <object confidence="0.97018">
            <box h="81.916" w="40.958" xc="356.813" yc="210.281"/>
         </object>
         <object confidence="0.92824">
            <box h="75.251" w="37.626" xc="269.826" yc="232.3175"/>
         </object>
         <object confidence="0.72811">
            <box h="91.457" w="45.729" xc="593.1785" yc="258.5755"/>
         </object>
         <object confidence="0.63399">
            <box h="102.686" w="51.343" xc="643.0945" yc="291.455"/>
         </object>
         <object confidence="0.51672">
            <box h="74.209" w="37.105" xc="521.5095" yc="233.0435"/>
         </object>
         <object confidence="0.50307">
            <box h="103.026" w="51.513" xc="721.1215" yc="301.008"/>
         </object>
         <object confidence="0.50003">
            <box h="63.888" w="31.944" xc="447.216" yc="170.368"/>
         </object>
      </objectlist>
   </frame>
   <frame number="74">
      <objectlist>
         <object confidence="0.98517">
            <box h="82.16" w="41.08" xc="353.452" yc="210.181"/>
         </object>
         <object confidence="0.94941">
            <box h="74.595" w="37.298" xc="264.179" yc="231.6125"/>
         </object>
         <object confidence="0.80667">
            <box h="76.702" w="38.351" xc="515.3885" yc="232.169"/>
         </object>
         <object confidence="0.76444">
            <box h="97.693" w="48.847" xc="717.7195" yc="295.0755"/>
         </object>
         <object confidence="0.7124">
            <box h="93.073" w="46.536" xc="592.344" yc="257.2975"/>
         </object>
         <object confidence="0.68378">
            <box h="97.085" w="48.542" xc="641.184" yc="289.4995"/>
         </object>
      </objectlist>
   </frame>
   <frame number="75">
      <objectlist>
         <object confidence="0.89889">
            <box h="82.094" w="41.048" xc="348.421" yc="210.446"/>
         </object>
         <object confidence="0.84331">
            <box h="73.418" w="36.709" xc="262.8375" yc="230.496"/>
         </object>
         <object confidence="0.83556">
            <box h="82.099" w="41.049" xc="509.4185" yc="228.6505"/>
         </object>
         <object confidence="0.75406">
            <box h="85.12" w="42.56" xc="587.759" yc="256.04"/>
         </object>
         <object confidence="0.58515">
            <box h="97.946" w="48.973" xc="716.0265" yc="294.761"/>
         </object>
         <object confidence="0.50312">
            <box h="94.143" w="47.071" xc="639.4085" yc="288.4525"/>
         </object>
         <object confidence="0.5014">
            <box h="78.995" w="39.497" xc="406.5325" yc="231.1875"/>
         </object>
         <object confidence="0.50008">
            <box h="63.888" w="31.944" xc="447.216" yc="170.368"/>
         </object>
      </objectlist>
   </frame>
   <frame number="76">
      <objectlist>
         <object confidence="0.87999">
            <box h="82.868" w="41.434" xc="341.29" yc="207.733"/>
         </object>
         <object confidence="0.78546">
            <box h="84.775" w="42.387" xc="581.0215" yc="255.1885"/>
         </object>
         <object confidence="0.71438">
            <box h="82.508" w="41.254" xc="497.39" yc="226.962"/>
         </object>
         <object confidence="0.70059">
            <box h="84.519" w="42.259" xc="404.5205" yc="228.6005"/>
         </object>
         <object confidence="0.60601">
            <box h="75.748" w="37.874" xc="252.906" yc="228.297"/>
         </object>
         <object confidence="0.50851">
            <box h="59.137" w="29.568" xc="701.734" yc="299.8585"/>
         </object>
         <object confidence="0.50529">
            <box h="110.91" w="55.454" xc="707.88" yc="284.446"/>
         </object>
         <object confidence="0.50168">
            <box h="102.131" w="51.066" xc="642.429" yc="283.6105"/>
         </object>
         <object confidence="0.50005">
            <box h="63.888" w="31.944" xc="447.216" yc="170.368"/>
         </object>
      </objectlist>
   </frame>
   <frame number="77">
      <objectlist>
         <object confidence="0.95467">
            <box h="81.743" w="40.872" xc="340.49" yc="206.2825"/>
         </object>
         <object confidence="0.88122">
            <box h="73.181" w="36.59" xc="251.163" yc="227.4805"/>
         </object>
         <object confidence="0.84922">
            <box h="98.7" w="49.35" xc="702.383" yc="283.563"/>
         </object>
         <object confidence="0.72879">
            <box h="92.35" w="46.176" xc="577.248" yc="250.25"/>
         </object>
         <object confidence="0.70438">
            <box h="85.596" w="42.798" xc="397.153" yc="228.069"/>
         </object>
         <object confidence="0.65656">
            <box h="79.941" w="39.971" xc="489.6425" yc="226.5645"/>
         </object>
         <object confidence="0.6379">
            <box h="94.686" w="47.342" xc="639.41" yc="280.929"/>
         </object>
      </objectlist>
   </frame>
   <frame number="78">
      <objectlist>
         <object confidence="0.97774">
            <box h="80.875" w="40.437" xc="334.3545" yc="203.8505"/>
         </object>
         <object confidence="0.85157">
            <box h="94.833" w="47.416" xc="637.921" yc="277.0605"/>
         </object>
         <object confidence="0.82728">
            <box h="71.11" w="35.555" xc="245.2805" yc="227.019"/>
         </object>
         <object confidence="0.79091">
            <box h="81.516" w="40.758" xc="386.334" yc="227.147"/>
         </object>
         <object confidence="0.62778">
            <box h="83.21" w="41.604" xc="476.834" yc="226.358"/>
         </object>
         <object confidence="0.58951">
            <box h="94.696" w="47.348" xc="699.013" yc="280.771"/>
         </object>
         <object confidence="0.52539">
            <box h="84.232" w="42.117" xc="573.2905" yc="249.209"/>
         </object>
      </objectlist>
   </frame>
   <frame number="79">
      <objectlist>
         <object confidence="0.95086">
            <box h="80.554" w="40.277" xc="333.0435" yc="204.916"/>
         </object>
         <object confidence="0.93687">
            <box h="85.273" w="42.637" xc="381.6465" yc="227.4235"/>
         </object>
         <object confidence="0.86288">
            <box h="99.334" w="49.666" xc="633.852" yc="274.469"/>
         </object>
         <object confidence="0.84324">
            <box h="73.51" w="36.755" xc="239.5075" yc="224.588"/>
         </object>
         <object confidence="0.8004">
            <box h="78.106" w="39.053" xc="473.3295" yc="227.427"/>
         </object>
         <object confidence="0.55272">
            <box h="93.314" w="46.658" xc="693.865" yc="280.801"/>
         </object>
         <object confidence="0.54521">
            <box h="84.977" w="42.489" xc="567.0105" yc="247.8375"/>
         </object>
      </objectlist>
   </frame>
   <frame number="80">
      <objectlist>
         <object confidence="0.94016">
            <box h="72.407" w="36.204" xc="234.348" yc="223.6795"/>
         </object>
         <object confidence="0.92029">
            <box h="78.447" w="39.223" xc="328.0505" yc="202.5985"/>
         </object>
         <object confidence="0.8364">
            <box h="86.624" w="43.312" xc="375.411" yc="227.188"/>
         </object>
         <object confidence="0.70345">
            <box h="92.734" w="46.367" xc="631.3415" yc="272.416"/>
         </object>
         <object confidence="0.58162">
            <box h="79.133" w="39.566" xc="468.181" yc="227.3645"/>
         </object>
         <object confidence="0.54741">
            <box h="85.036" w="42.518" xc="566.901" yc="248.017"/>
         </object>
         <object confidence="0.52342">
            <box h="87.215" w="43.608" xc="455.1" yc="226.8795"/>
         </object>
         <object confidence="0.51894">
            <box h="96.985" w="48.492" xc="693.906" yc="276.2505"/>
         </object>
         <object confidence="0.50002">
            <box h="63.888" w="31.944" xc="447.216" yc="170.368"/>
         </object>
      </objectlist>
   </frame>
   <frame number="81">
      <objectlist>
         <object confidence="0.94511">
            <box h="81.605" w="40.802" xc="326.93" yc="202.8545"/>
         </object>
         <object confidence="0.9438">
            <box h="72.585" w="36.292" xc="232.743" yc="222.7155"/>
         </object>
         <object confidence="0.89286">
            <box h="94.067" w="47.034" xc="686.467" yc="268.7975"/>
         </object>
         <object confidence="0.8624">
            <box h="85.857" w="42.929" xc="368.0215" yc="226.7635"/>
         </object>
         <object confidence="0.72598">
            <box h="87.109" w="43.555" xc="453.5975" yc="227.0635"/>
         </object>
         <object confidence="0.52428">
            <box h="90.127" w="45.063" xc="560.9405" yc="242.0515"/>
         </object>
         <object confidence="0.51158">
            <box h="98.55" w="49.275" xc="627.0515" yc="273.54"/>
         </object>
         <object confidence="0.50012">
            <box h="182.2058" w="91.103" xc="364.5655" yc="182.3661"/>
         </object>
         <object confidence="0.50003">
            <box h="242.6144" w="121.307" xc="626.7545" yc="202.1788"/>
         </object>
      </objectlist>
   </frame>
   <frame number="82">
      <objectlist>
         <object confidence="0.94458">
            <box h="83.853" w="41.927" xc="360.6515" yc="226.7845"/>
         </object>
         <object confidence="0.93278">
            <box h="80.229" w="40.114" xc="320.429" yc="200.8705"/>
         </object>
         <object confidence="0.92579">
            <box h="91.349" w="45.675" xc="623.3785" yc="266.8585"/>
         </object>
         <object confidence="0.9144">
            <box h="70.131" w="35.066" xc="225.038" yc="221.7305"/>
         </object>
         <object confidence="0.85949">
            <box h="92.436" w="46.217" xc="678.7885" yc="266.147"/>
         </object>
         <object confidence="0.63411">
            <box h="84.759" w="42.379" xc="559.7345" yc="241.1365"/>
         </object>
         <object confidence="0.55416">
            <box h="83.672" w="41.836" xc="446.058" yc="226.478"/>
         </object>
      </objectlist>
   </frame>
   <frame number="83">
      <objectlist>
         <object confidence="0.9875">
            <box h="76.426" w="38.213" xc="316.4095" yc="199.676"/>
         </object>
         <object confidence="0.96621">
            <box h="80.847" w="40.423" xc="354.8535" yc="226.5935"/>
         </object>
         <object confidence="0.91024">
            <box h="95.305" w="47.652" xc="616.782" yc="265.9765"/>
         </object>
         <object confidence="0.89585">
            <box h="86.705" w="43.353" xc="673.8375" yc="262.6215"/>
         </object>
         <object confidence="0.81484">
            <box h="70.828" w="35.414" xc="221.976" yc="220.039"/>
         </object>
         <object confidence="0.78213">
            <box h="83.153" w="41.577" xc="553.1405" yc="241.8925"/>
         </object>
         <object confidence="0.50818">
            <box h="85.047" w="42.524" xc="439.327" yc="226.7495"/>
         </object>
      </objectlist>
   </frame>
   <frame number="84">
      <objectlist>
         <object confidence="0.92244">
            <box h="78.348" w="39.174" xc="311.17" yc="199.211"/>
         </object>
         <object confidence="0.92047">
            <box h="71.942" w="35.971" xc="217.8555" yc="218.901"/>
         </object>
         <object confidence="0.91146">
            <box h="95.349" w="47.675" xc="616.2505" yc="265.2495"/>
         </object>
         <object confidence="0.84298">
            <box h="92.553" w="46.276" xc="670.157" yc="261.4755"/>
         </object>
         <object confidence="0.77803">
            <box h="87.65" w="43.825" xc="352.3625" yc="226.449"/>
         </object>
         <object confidence="0.54195">
            <box h="77.451" w="38.725" xc="547.6015" yc="238.4275"/>
         </object>
         <object confidence="0.50007">
            <box h="266.8756" w="133.438" xc="667.19" yc="177.9172"/>
         </object>
         <object confidence="0.50006">
            <box h="63.888" w="31.944" xc="447.216" yc="170.368"/>
         </object>
      </objectlist>
   </frame>
   <frame number="85">
      <objectlist>
         <object confidence="0.98511">
            <box h="68.54" w="34.27" xc="212.293" yc="217.507"/>
         </object>
         <object confidence="0.96739">
            <box h="79.692" w="39.846" xc="340.443" yc="226.281"/>
         </object>
         <object confidence="0.92368">
            <box h="89.98" w="44.99" xc="661.3" yc="257.175"/>
         </object>
         <object confidence="0.76563">
            <box h="77.366" w="38.682" xc="541.113" yc="238.325"/>
         </object>
         <object confidence="0.74042">
            <box h="79.387" w="39.693" xc="303.7415" yc="196.5425"/>
         </object>
         <object confidence="0.50156">
            <box h="99.019" w="49.509" xc="608.7275" yc="265.2995"/>
         </object>
      </objectlist>
   </frame>
   <frame number="86">
      <objectlist>
         <object confidence="0.92597">
            <box h="66.115" w="33.058" xc="207.542" yc="217.9545"/>
         </object>
         <object confidence="0.88798">
            <box h="83.196" w="41.598" xc="334.36" yc="226.013"/>
         </object>
         <object confidence="0.8545">
            <box h="76.935" w="38.468" xc="301.977" yc="193.9435"/>
         </object>
         <object confidence="0.75669">
            <box h="87.601" w="43.801" xc="658.4225" yc="257.1735"/>
         </object>
         <object confidence="0.63902">
            <box h="93.956" w="46.978" xc="608.065" yc="257.334"/>
         </object>
         <object confidence="0.50204">
            <box h="77.856" w="38.928" xc="535.22" yc="237.666"/>
         </object>
         <object confidence="0.5002">
            <box h="84.047" w="42.023" xc="412.5365" yc="225.7525"/>
         </object>
         <object confidence="0.50004">
            <box h="63.888" w="31.944" xc="447.216" yc="170.368"/>
         </object>
         <object confidence="0.50002">
            <box h="266.8756" w="133.438" xc="644.951" yc="177.9172"/>
         </object>
      </objectlist>
   </frame>
   <frame number="87">
      <objectlist>
         <object confidence="0.96581">
            <box h="69.043" w="34.521" xc="199.1145" yc="214.2295"/>
         </object>
         <object confidence="0.96168">
            <box h="85.211" w="42.605" xc="326.0605" yc="225.8335"/>
         </object>
         <object confidence="0.95008">
            <box h="91.229" w="45.615" xc="601.5955" yc="256.3595"/>
         </object>
         <object confidence="0.83985">
            <box h="83.425" w="41.713" xc="650.0115" yc="251.8325"/>
         </object>
         <object confidence="0.82704">
            <box h="86.044" w="43.023" xc="404.8365" yc="226.347"/>
         </object>
         <object confidence="0.74201">
            <box h="74.73" w="37.365" xc="291.3735" yc="193.289"/>
         </object>
         <object confidence="0.50023">
            <box h="63.888" w="31.944" xc="447.216" yc="170.368"/>
         </object>
         <object confidence="0.50003">
            <box h="242.6143" w="121.307" xc="626.7545" yc="181.9608"/>
         </object>
      </objectlist>
   </frame>
   <frame number="88">
      <objectlist>
         <object confidence="0.96672">
            <box h="81.578" w="40.789" xc="320.8575" yc="226.385"/>
         </object>
         <object confidence="0.95028">
            <box h="84.918" w="42.459" xc="645.0305" yc="249.059"/>
         </object>
         <object confidence="0.94477">
            <box h="91.696" w="45.848" xc="600.676" yc="256.03"/>
         </object>
         <object confidence="0.92212">
            <box h="66.876" w="33.438" xc="196.063" yc="215.191"/>
         </object>
         <object confidence="0.85204">
            <box h="74.641" w="37.32" xc="288.37" yc="193.1545"/>
         </object>
         <object confidence="0.72343">
            <box h="83.002" w="41.501" xc="399.0615" yc="227.422"/>
         </object>
         <object confidence="0.50084">
            <box h="77.751" w="38.875" xc="521.8825" yc="231.9745"/>
         </object>
         <object confidence="0.50017">
            <box h="224.7827" w="112.392" xc="622.434" yc="192.0217"/>
         </object>
      </objectlist>
   </frame>
   <frame number="89">
      <objectlist>
         <object confidence="0.96076">
            <box h="78.109" w="39.054" xc="315.266" yc="225.8255"/>
         </object>
         <object confidence="0.95658">
            <box h="67.223" w="33.611" xc="192.8735" yc="213.9965"/>
         </object>
         <object confidence="0.93285">
            <box h="79.128" w="39.564" xc="283.936" yc="192.7"/>
         </object>
         <object confidence="0.8465">
            <box h="84.843" w="42.421" xc="395.5515" yc="226.3775"/>
         </object>
         <object confidence="0.72662">
            <box h="87.095" w="43.547" xc="594.7345" yc="255.3255"/>
         </object>
         <object confidence="0.56528">
            <box h="89.773" w="44.886" xc="641.147" yc="248.8745"/>
         </object>
         <object confidence="0.50174">
            <box h="82.408" w="41.205" xc="516.5195" yc="229.361"/>
         </object>
         <object confidence="0.50026">
            <box h="63.888" w="31.944" xc="447.216" yc="170.368"/>
         </object>
         <object confidence="0.50007">
            <box h="212.1969" w="106.098" xc="615.38" yc="197.2226"/>
         </object>
      </objectlist>
   </frame>
   <frame number="90">
      <objectlist>
         <object confidence="0.90026">
            <box h="77.626" w="38.814" xc="310.033" yc="225.512"/>
         </object>
         <object confidence="0.89561">
            <box h="63.758" w="31.879" xc="188.0935" yc="212.877"/>
         </object>
         <object confidence="0.80483">
            <box h="73.383" w="36.691" xc="281.1115" yc="192.4075"/>
         </object>
         <object confidence="0.71496">
            <box h="92.587" w="46.293" xc="591.4785" yc="249.8285"/>
         </object>
         <object confidence="0.69239">
            <box h="83.242" w="41.62" xc="388.497" yc="226.532"/>
         </object>
         <object confidence="0.6692">
            <box h="76.777" w="38.388" xc="515.241" yc="232.1065"/>
         </object>
         <object confidence="0.50642">
            <box h="85.18" w="42.589" xc="637.7875" yc="248.059"/>
         </object>
         <object confidence="0.50551">
            <box h="63.954" w="31.977" xc="404.7475" yc="234.46"/>
         </object>
         <object confidence="0.50019">
            <box h="242.6144" w="121.307" xc="606.5365" yc="181.9608"/>
         </object>
         <object confidence="0.50006">
            <box h="63.888" w="31.944" xc="447.216" yc="170.368"/>
         </object>
      </objectlist>
   </frame>
   <frame number="91">
      <objectlist>
         <object confidence="0.98437">
            <box h="77.981" w="38.99" xc="301.972" yc="224.4055"/>
         </object>
         <object confidence="0.95411">
            <box h="91.282" w="45.641" xc="584.2015" yc="249.138"/>
         </object>
         <object confidence="0.95031">
            <box h="67.464" w="33.732" xc="181.694" yc="211.236"/>
         </object>
         <object confidence="0.92347">
            <box h="73.678" w="36.839" xc="270.8595" yc="190.152"/>
         </object>
         <object confidence="0.88732">
            <box h="81.759" w="40.879" xc="374.8255" yc="226.1865"/>
         </object>
         <object confidence="0.70866">
            <box h="84.924" w="42.461" xc="624.0285" yc="242.358"/>
         </object>
         <object confidence="0.68158">
            <box h="78.861" w="39.43" xc="502.597" yc="231.0135"/>
         </object>
         <object confidence="0.50002">
            <box h="220.5584" w="110.279" xc="606.5365" yc="183.7988"/>
         </object>
         <object confidence="0.50002">
            <box h="200.5028" w="100.252" xc="300.762" yc="167.0966"/>
         </object>
      </objectlist>
   </frame>
   <frame number="92">
      <objectlist>
         <object confidence="0.97462">
            <box h="79.404" w="39.702" xc="297.136" yc="224.582"/>
         </object>
         <object confidence="0.94155">
            <box h="90.204" w="45.102" xc="581.926" yc="248.593"/>
         </object>
         <object confidence="0.92667">
            <box h="65.944" w="32.972" xc="180.833" yc="211.549"/>
         </object>
         <object confidence="0.90076">
            <box h="87.798" w="43.899" xc="623.4775" yc="241.331"/>
         </object>
         <object confidence="0.82793">
            <box h="71.3" w="35.65" xc="267.095" yc="190.653"/>
         </object>
         <object confidence="0.8032">
            <box h="79.785" w="39.893" xc="373.1935" yc="226.2505"/>
         </object>
         <object confidence="0.50244">
            <box h="78.162" w="39.081" xc="495.9685" yc="231.485"/>
         </object>
         <object confidence="0.50056">
            <box h="166.813" w="83.406" xc="593.707" yc="207.4715"/>
         </object>
      </objectlist>
   </frame>
   <frame number="93">
      <objectlist>
         <object confidence="0.96169">
            <box h="79.637" w="39.819" xc="284.9565" yc="223.5465"/>
         </object>
         <object confidence="0.91278">
            <box h="88.916" w="44.459" xc="575.0025" yc="247.541"/>
         </object>
         <object confidence="0.85137">
            <box h="77.207" w="38.603" xc="362.1625" yc="225.9355"/>
         </object>
         <object confidence="0.84575">
            <box h="64.408" w="32.203" xc="174.7945" yc="211.781"/>
         </object>
         <object confidence="0.80865">
            <box h="80.835" w="40.418" xc="615.266" yc="241.7325"/>
         </object>
         <object confidence="0.63403">
            <box h="74.61" w="37.305" xc="258.4665" yc="186.29"/>
         </object>
         <object confidence="0.62897">
            <box h="82.242" w="41.121" xc="482.5735" yc="226.808"/>
         </object>
         <object confidence="0.50005">
            <box h="165.709" w="82.855" xc="593.7905" yc="207.1365"/>
         </object>
      </objectlist>
   </frame>
   <frame number="94">
      <objectlist>
         <object confidence="0.95909">
            <box h="80.503" w="40.252" xc="282.676" yc="223.5615"/>
         </object>
         <object confidence="0.86738">
            <box h="64.438" w="32.22" xc="169.941" yc="211.386"/>
         </object>
         <object confidence="0.83219">
            <box h="71.251" w="35.625" xc="257.0205" yc="184.7195"/>
         </object>
         <object confidence="0.73304">
            <box h="81.776" w="40.888" xc="357.187" yc="225.405"/>
         </object>
         <object confidence="0.6608">
            <box h="80.372" w="40.186" xc="481.153" yc="228.651"/>
         </object>
         <object confidence="0.61078">
            <box h="84.094" w="42.047" xc="609.5695" yc="234.993"/>
         </object>
         <object confidence="0.54798">
            <box h="87.69" w="43.845" xc="573.8705" yc="246.665"/>
         </object>
         <object confidence="0.50004">
            <box h="165.7" w="82.849" xc="593.7955" yc="207.145"/>
         </object>
      </objectlist>
   </frame>
   <frame number="95">
      <objectlist>
         <object confidence="0.95242">
            <box h="66.179" w="33.089" xc="165.5725" yc="208.3075"/>
         </object>
         <object confidence="0.94756">
            <box h="81.513" w="40.757" xc="276.7855" yc="222.0175"/>
         </object>
         <object confidence="0.85854">
            <box h="89.535" w="44.768" xc="567.97" yc="241.2965"/>
         </object>
         <object confidence="0.80018">
            <box h="79.392" w="39.696" xc="606.735" yc="233.068"/>
         </object>
         <object confidence="0.73248">
            <box h="82.762" w="41.38" xc="353.923" yc="222.649"/>
         </object>
         <object confidence="0.72121">
            <box h="73.308" w="36.654" xc="251.55" yc="186.696"/>
         </object>
         <object confidence="0.50906">
            <box h="81.108" w="40.554" xc="475.375" yc="228.788"/>
         </object>
         <object confidence="0.50051">
            <box h="155.691" w="77.845" xc="578.0155" yc="212.1735"/>
         </object>
      </objectlist>
   </frame>
   <frame number="96">
      <objectlist>
         <object confidence="0.97888">
            <box h="64.614" w="32.307" xc="160.0545" yc="208.09"/>
         </object>
         <object confidence="0.95991">
            <box h="87.934" w="43.967" xc="560.7375" yc="241.051"/>
         </object>
         <object confidence="0.95069">
            <box h="77.91" w="38.956" xc="270.203" yc="221.549"/>
         </object>
         <object confidence="0.83526">
            <box h="83.301" w="41.651" xc="342.3865" yc="220.2095"/>
         </object>
         <object confidence="0.81682">
            <box h="80.428" w="40.214" xc="600.188" yc="232.693"/>
         </object>
         <object confidence="0.68295">
            <box h="72.183" w="36.092" xc="245.061" yc="186.8285"/>
         </object>
         <object confidence="0.66567">
            <box h="88.351" w="44.176" xc="460.34" yc="226.5315"/>
         </object>
      </objectlist>
   </frame>
   <frame number="97">
      <objectlist>
         <object confidence="0.94802">
            <box h="77.859" w="38.929" xc="264.2735" yc="220.0095"/>
         </object>
         <object confidence="0.92298">
            <box h="86.777" w="43.388" xc="559.494" yc="241.0575"/>
         </object>
         <object confidence="0.90766">
            <box h="62.272" w="31.136" xc="158.832" yc="208.058"/>
         </object>
         <object confidence="0.90202">
            <box h="81.851" w="40.925" xc="340.6845" yc="220.0155"/>
         </object>
         <object confidence="0.84713">
            <box h="72.494" w="36.246" xc="239.553" yc="185.408"/>
         </object>
         <object confidence="0.84445">
            <box h="87.987" w="43.993" xc="453.2475" yc="226.6615"/>
         </object>
         <object confidence="0.60193">
            <box h="84.229" w="42.115" xc="595.0205" yc="233.6235"/>
         </object>
         <object confidence="0.50005">
            <box h="52.835" w="26.417" xc="557.2385" yc="273.2865"/>
         </object>
      </objectlist>
   </frame>
   <frame number="98">
      <objectlist>
         <object confidence="0.884">
            <box h="79.066" w="39.533" xc="262.8875" yc="219.955"/>
         </object>
         <object confidence="0.84205">
            <box h="64.076" w="32.038" xc="154.375" yc="206.432"/>
         </object>
         <object confidence="0.80885">
            <box h="87.904" w="43.952" xc="552.956" yc="241.087"/>
         </object>
         <object confidence="0.79231">
            <box h="71.646" w="35.823" xc="235.0515" yc="183.995"/>
         </object>
         <object confidence="0.72625">
            <box h="84.695" w="42.348" xc="452.264" yc="227.3845"/>
         </object>
         <object confidence="0.71152">
            <box h="80.407" w="40.203" xc="334.4735" yc="219.7505"/>
         </object>
         <object confidence="0.51352">
            <box h="80.096" w="40.047" xc="589.5605" yc="228.713"/>
         </object>
      </objectlist>
   </frame>
   <frame number="99">
      <objectlist>
         <object confidence="0.95338">
            <box h="77.869" w="38.934" xc="257.243" yc="219.2645"/>
         </object>
         <object confidence="0.91907">
            <box h="66.674" w="33.337" xc="153.3535" yc="205.434"/>
         </object>
         <object confidence="0.91552">
            <box h="77.419" w="38.71" xc="328.486" yc="219.4775"/>
         </object>
         <object confidence="0.86477">
            <box h="74.052" w="37.026" xc="233.114" yc="183.932"/>
         </object>
         <object confidence="0.77362">
            <box h="78.814" w="39.407" xc="586.6335" yc="226.308"/>
         </object>
         <object confidence="0.53159">
            <box h="82.531" w="41.266" xc="546.485" yc="236.2685"/>
         </object>
         <object confidence="0.50156">
            <box h="135.984" w="67.992" xc="445.155" yc="205.569"/>
         </object>
         <object confidence="0.50089">
            <box h="137.45" w="68.725" xc="558.4845" yc="216.789"/>
         </object>
         <object confidence="0.50016">
            <box h="63.888" w="31.944" xc="447.216" yc="170.368"/>
         </object>
         <object confidence="0.50002">
            <box h="63.888" w="31.944" xc="564.344" yc="250.228"/>
         </object>
      </objectlist>
   </frame>
   <frame number="100">
      <objectlist>
         <object confidence="0.98217">
            <box h="76.636" w="38.318" xc="250.108" yc="218.933"/>
         </object>
         <object confidence="0.97567">
            <box h="78.881" w="39.441" xc="321.1925" yc="217.5495"/>
         </object>
         <object confidence="0.94746">
            <box h="84.898" w="42.449" xc="539.1215" yc="234.714"/>
         </object>
         <object confidence="0.93678">
            <box h="64.391" w="32.196" xc="148.386" yc="205.0725"/>
         </object>
         <object confidence="0.93261">
            <box h="67.588" w="33.794" xc="223.498" yc="182.949"/>
         </object>
         <object confidence="0.90322">
            <box h="73.47" w="36.735" xc="580.0045" yc="227.026"/>
         </object>
      </objectlist>
   </frame>
   <frame number="101">
      <objectlist>
         <object confidence="0.96576">
            <box h="74.555" w="37.278" xc="245.436" yc="218.4145"/>
         </object>
         <object confidence="0.93808">
            <box h="63.971" w="31.986" xc="144.277" yc="204.4145"/>
         </object>
         <object confidence="0.92474">
            <box h="78.404" w="39.202" xc="316.963" yc="216.641"/>
         </object>
         <object confidence="0.9055">
            <box h="87.227" w="43.614" xc="538.376" yc="234.0895"/>
         </object>
         <object confidence="0.78539">
            <box h="70.016" w="35.008" xc="222.407" yc="181.535"/>
         </object>
         <object confidence="0.72551">
            <box h="73.869" w="36.934" xc="573.775" yc="224.3205"/>
         </object>
      </objectlist>
   </frame>
   <frame number="102">
      <objectlist>
         <object confidence="0.95259">
            <box h="64.433" w="32.217" xc="140.2755" yc="203.3725"/>
         </object>
         <object confidence="0.92578">
            <box h="79.586" w="39.794" xc="240.502" yc="218.172"/>
         </object>
         <object confidence="0.90326">
            <box h="67.024" w="33.513" xc="217.7535" yc="179.745"/>
         </object>
         <object confidence="0.86674">
            <box h="77.083" w="38.542" xc="315.111" yc="219.3235"/>
         </object>
         <object confidence="0.62882">
            <box h="72.15" w="36.074" xc="572.507" yc="223.745"/>
         </object>
         <object confidence="0.5072">
            <box h="87.297" w="43.648" xc="536.778" yc="233.6655"/>
         </object>
         <object confidence="0.50005">
            <box h="63.888" w="31.944" xc="447.216" yc="170.368"/>
         </object>
      </objectlist>
   </frame>
   <frame number="103">
      <objectlist>
         <object confidence="0.9231">
            <box h="64.547" w="32.273" xc="135.1615" yc="201.4565"/>
         </object>
         <object confidence="0.88865">
            <box h="77.515" w="38.758" xc="233.471" yc="217.0085"/>
         </object>
         <object confidence="0.86815">
            <box h="70.838" w="35.419" xc="210.8985" yc="181.414"/>
         </object>
         <object confidence="0.85688">
            <box h="79.132" w="39.566" xc="304.187" yc="212.939"/>
         </object>
         <object confidence="0.55322">
            <box h="74.81" w="37.405" xc="561.1995" yc="220.153"/>
         </object>
         <object confidence="0.5121">
            <box h="79.54" w="39.77" xc="405.744" yc="230.959"/>
         </object>
         <object confidence="0.50046">
            <box h="91.467" w="45.734" xc="529.82" yc="229.5015"/>
         </object>
         <object confidence="0.50006">
            <box h="63.888" w="31.944" xc="447.216" yc="170.368"/>
         </object>
      </objectlist>
   </frame>
   <frame number="104">
      <objectlist>
         <object confidence="0.9675">
            <box h="64.522" w="32.262" xc="133.554" yc="201.388"/>
         </object>
         <object confidence="0.95357">
            <box h="87.148" w="43.573" xc="523.2585" yc="226.727"/>
         </object>
         <object confidence="0.91537">
            <box h="76.637" w="38.319" xc="230.6285" yc="216.4545"/>
         </object>
         <object confidence="0.89598">
            <box h="78.638" w="39.319" xc="303.0865" yc="212.689"/>
         </object>
         <object confidence="0.80652">
            <box h="69.653" w="34.826" xc="205.551" yc="181.3775"/>
         </object>
         <object confidence="0.62565">
            <box h="83.239" w="41.62" xc="404.536" yc="228.4765"/>
         </object>
         <object confidence="0.50077">
            <box h="70.222" w="35.111" xc="561.2505" yc="222.536"/>
         </object>
         <object confidence="0.50006">
            <box h="63.888" w="31.944" xc="447.216" yc="170.368"/>
         </object>
      </objectlist>
   </frame>
   <frame number="105">
      <objectlist>
         <object confidence="0.90433">
            <box h="79.445" w="39.723" xc="297.2685" yc="212.8075"/>
         </object>
         <object confidence="0.88323">
            <box h="85.751" w="42.875" xc="519.5405" yc="226.7405"/>
         </object>
         <object confidence="0.87059">
            <box h="77.031" w="38.516" xc="225.939" yc="215.9445"/>
         </object>
         <object confidence="0.86001">
            <box h="59.547" w="29.774" xc="131.347" yc="201.3685"/>
         </object>
         <object confidence="0.68954">
            <box h="66.135" w="33.068" xc="201.429" yc="181.3255"/>
         </object>
         <object confidence="0.63255">
            <box h="84.382" w="42.191" xc="397.9285" yc="228.561"/>
         </object>
         <object confidence="0.50005">
            <box h="220.5134" w="110.257" xc="533.0125" yc="165.4663"/>
         </object>
         <object confidence="0.50003">
            <box h="63.888" w="31.944" xc="447.216" yc="170.368"/>
         </object>
      </objectlist>
   </frame>
   <frame number="106">
      <objectlist>
         <object confidence="0.88295">
            <box h="66.965" w="33.483" xc="198.2975" yc="179.9255"/>
         </object>
         <object confidence="0.86108">
            <box h="85.629" w="42.814" xc="515.745" yc="226.9055"/>
         </object>
         <object confidence="0.8444">
            <box h="78.598" w="39.299" xc="296.5475" yc="212.642"/>
         </object>
         <object confidence="0.83181">
            <box h="79.609" w="39.804" xc="392.489" yc="230.3645"/>
         </object>
         <object confidence="0.8148">
            <box h="66.762" w="33.382" xc="128.394" yc="199.839"/>
         </object>
         <object confidence="0.71656">
            <box h="76.345" w="38.172" xc="220.563" yc="215.6195"/>
         </object>
         <object confidence="0.50079">
            <box h="48.248" w="24.124" xc="540.036" yc="227.963"/>
         </object>
         <object confidence="0.50036">
            <box h="59.546" w="29.773" xc="546.7615" yc="222.733"/>
         </object>
         <object confidence="0.50009">
            <box h="217.9679" w="108.984" xc="532.494" yc="167.5111"/>
         </object>
      </objectlist>
   </frame>
   <frame number="107">
      <objectlist>
         <object confidence="0.53745">
            <box h="60.025" w="30.012" xc="125.899" yc="198.0825"/>
         </object>
         <object confidence="0.51815">
            <box h="75.169" w="37.585" xc="211.9155" yc="214.2955"/>
         </object>
         <object confidence="0.50758">
            <box h="83.914" w="41.957" xc="503.0195" yc="226.562"/>
         </object>
         <object confidence="0.50038">
            <box h="65.209" w="32.604" xc="190.553" yc="180.7195"/>
         </object>
         <object confidence="0.50008">
            <box h="70.277" w="35.139" xc="286.9635" yc="210.8305"/>
         </object>
         <object confidence="0.50004">
            <box h="52.8" w="26.4" xc="536.8" yc="224.4"/>
         </object>
      </objectlist>
   </frame>
</dataset>